{"cameraMode":{"drawMode":0,"name":"Shaded","section":"Shading Mode"},"sceneLighting":false,"audioPlay":false,"sceneViewState":{"showFog":true,"showMaterialUpdate":true,"showSkybox":false,"showFlares":true,"showImageEffects":true,"showParticleSystems":true},"in2DMode":false,"pivot":{"x":-0.02036064863204956,"y":0.3061029314994812,"z":0.3246215581893921},"rotation":{"x":-0.03477412834763527,"y":0.9568040370941162,"z":-0.12879905104637147,"w":-0.25832322239875796},"size":0.9286672472953796,"orthographic":false}