{"cameraMode":{"drawMode":0,"name":"Shaded","section":"Shading Mode"},"sceneLighting":true,"audioPlay":false,"sceneViewState":{"showFog":true,"showMaterialUpdate":true,"showSkybox":true,"showFlares":true,"showImageEffects":true,"showParticleSystems":true},"in2DMode":false,"pivot":{"x":126.82266235351563,"y":181.44578552246095,"z":99.18438720703125},"rotation":{"x":-0.14596246182918549,"y":0.7160521745681763,"z":-0.15735527873039246,"w":-0.6642475724220276},"size":1.9675002098083497,"orthographic":false}