{"cameraMode":{"drawMode":0,"name":"Shaded","section":"Shading Mode"},"sceneLighting":false,"audioPlay":false,"sceneViewState":{"showFog":true,"showMaterialUpdate":true,"showSkybox":false,"showFlares":true,"showImageEffects":true,"showParticleSystems":true},"in2DMode":false,"pivot":{"x":-0.0023388266563415529,"y":0.004624612629413605,"z":0.00007244199514389038},"rotation":{"x":-0.10838408023118973,"y":0.8339108228683472,"z":-0.17670617997646333,"w":-0.5115031599998474},"size":0.08860206604003906,"orthographic":false}